date,slug,requests,paths
2026-09-12,jynxzi,3,/streamer/jynxzi
2026-09-12,nix,3,/streamer/nix
2026-09-12,buster,2,/ru/streamer/buster
2026-09-12,gonvl,2,/ja/streamer/gonvl /streamer/gonvl
2026-09-12,joebartolozzi,2,/streamer/joebartolozzi
2026-09-12,punz,2,/streamer/punz
2026-09-12,shlorox,2,/de/streamer/shlorox
2026-09-12,yotobi,2,/it/streamer/yotobi /streamer/yotobi
2026-09-12,caseoh,1,/streamer/caseoh
2026-09-12,cellbit,1,/pt/streamer/cellbit
2026-09-12,coreano,1,/pt/streamer/coreano
2026-09-12,diazbiffle,1,/streamer/diazbiffle
2026-09-12,dkincc,1,/ru/streamer/dkincc
2026-09-12,gerardromero,1,/streamer/gerardromero
2026-09-12,gotaga,1,/streamer/gotaga
2026-09-12,herrreff,1,/de/streamer/herrreff
2026-09-12,jasontheween,1,/streamer/jasontheween
2026-09-12,kasix,1,/pl/streamer/kasix
2026-09-12,marli,1,/de/streamer/marli
2026-09-12,marlon,1,/streamer/marlon
2026-09-12,sashka,1,/streamer/sashka
2026-09-12,singsing,1,/streamer/singsing
2026-09-12,skylinetvlive,1,/de/streamer/skylinetvlive
2026-09-12,squeezie,1,/streamer/squeezie
2026-09-12,stariybog,1,/streamer/stariybog
2026-09-12,vegetta777,1,/es/streamer/vegetta777
2026-09-12,yaritaiji,1,/ja/streamer/yaritaiji
2026-09-12,yourragegaming,1,/ru/streamer/yourragegaming
2026-09-12,zarbex,1,/de/streamer/zarbex
2026-09-12,zerator,1,/streamer/zerator
